,dateRep,flag,driving,transit,walking,Bar,Cafe,Restaurant,Sewing,DIY,Homeschooling,Home_Workout,Tests per 1000 (7DA)
9,2020-01-13,0.0,100.0,100.0,100.0,71,43,48,32,36,10,11,0.0
24,2020-01-14,0.0,104.86,104.2,106.14,72,39,47,32,34,8,8,0.0
28,2020-01-15,0.0,106.4,105.37,114.37,70,45,48,31,32,5,8,0.0
48,2020-01-16,0.0,104.28,103.89,112.59,75,43,49,36,34,7,10,0.0
63,2020-01-17,0.0,109.27,109.38,128.99,85,46,53,29,33,6,5,0.0
65,2020-01-18,0.0,108.3,115.05,157.81,89,59,67,38,48,5,6,0.0
82,2020-01-19,0.0,94.3,99.52,101.98,75,62,55,33,43,5,9,0.0
94,2020-01-20,0.0,103.22,103.88,109.43,75,48,50,27,39,8,9,0.0
112,2020-01-21,0.0,107.88,108.0,118.46,75,44,47,29,32,11,8,0.0
120,2020-01-22,0.0,108.79,110.91,122.92,73,45,50,30,33,9,12,0.0
141,2020-01-23,0.0,106.41,108.37,122.03,76,45,51,37,35,8,9,0.0
155,2020-01-24,0.0,113.54,115.49,139.4,87,50,55,30,40,6,6,0.0
166,2020-01-25,0.0,111.13,118.64,165.49,92,57,67,34,46,5,5,0.0
169,2020-01-26,0.0,95.33,100.95,97.84,74,55,53,33,47,7,13,0.0
190,2020-01-27,0.0,101.81,103.81,104.79,73,45,48,28,41,8,3,0.0
195,2020-01-28,0.0,105.64,105.67,113.53,71,43,46,29,33,7,10,0.0
211,2020-01-29,0.0,106.97,109.06,122.36,71,43,45,30,35,11,7,0.0
232,2020-01-30,0.0,105.43,108.51,119.75,75,42,47,29,34,9,9,0.0
238,2020-01-31,0.0,114.55,118.03,143.62,78,45,50,32,33,7,7,0.0
256,2020-02-01,0.0,112.34,119.31,169.08,87,59,63,34,43,6,8,0.0
269,2020-02-02,0.0,96.88,105.44,103.22,81,61,53,37,45,9,10,0.0
283,2020-02-03,0.0,100.79,104.05,106.76,72,47,48,29,38,8,11,0.0
298,2020-02-04,0.0,106.62,106.8,115.85,75,48,48,26,34,10,8,0.0
302,2020-02-05,0.0,107.82,109.37,124.21,78,49,49,33,34,10,8,0.0
315,2020-02-06,0.0,107.32,108.48,123.83,80,49,50,30,32,6,7,0.0
330,2020-02-07,0.0,114.77,116.15,142.03,81,48,54,30,36,5,6,0.0
349,2020-02-08,0.0,111.59,122.06,169.55,95,56,64,32,45,6,4,0.0
351,2020-02-09,0.0,95.17,100.52,79.14,75,52,53,32,44,6,12,0.0
376,2020-02-10,0.0,108.75,106.76,101.55,74,50,51,32,36,8,6,0.0
389,2020-02-11,0.0,108.02,107.86,111.72,78,42,52,32,36,9,8,0.0
390,2020-02-12,0.0,108.95,110.08,122.43,75,48,54,29,41,6,6,0.0
408,2020-02-13,0.0,109.78,107.83,120.97,77,45,56,29,39,7,8,0.0
425,2020-02-14,0.0,119.65,117.79,153.72,82,50,67,31,32,8,6,0.0
435,2020-02-15,0.0,109.55,119.0,152.82,87,57,65,37,45,5,6,0.0
446,2020-02-16,0.0,101.42,109.71,98.69,75,59,55,35,43,6,9,0.0
464,2020-02-17,0.0,118.6,119.36,128.1,80,59,53,32,38,4,10,0.0
480,2020-02-18,0.0,119.26,118.76,130.01,76,54,54,30,39,5,11,0.0
486,2020-02-19,0.0,121.56,121.93,136.18,77,57,51,34,51,7,8,0.0
496,2020-02-20,0.0,118.33,118.81,131.67,92,51,51,28,39,4,10,0.0
510,2020-02-21,0.0,127.35,126.56,152.89,88,59,57,34,40,7,5,0.0
522,2020-02-22,0.0,115.64,126.9,169.46,89,60,65,36,41,4,7,0.0
545,2020-02-23,0.0,101.34,105.46,101.08,76,58,49,33,46,8,7,0.0
550,2020-02-24,0.0,108.75,107.92,104.26,72,42,42,32,37,9,8,0.0
564,2020-02-25,0.0,108.16,108.13,115.57,72,42,42,32,38,11,10,0.0
580,2020-02-26,0.0,109.74,108.85,121.26,73,44,44,28,40,9,10,0.0
586,2020-02-27,0.0,109.6,108.32,119.74,75,46,46,29,36,7,8,0.0
603,2020-02-28,0.0,122.59,118.5,138.49,84,49,52,28,39,9,3,0.0
615,2020-02-29,0.0,115.93,118.75,162.75,92,55,63,31,47,7,9,0.0
636,2020-03-01,0.0,100.48,103.74,105.44,78,60,52,35,48,7,10,0.0
648,2020-03-02,0.0,104.64,103.96,107.54,70,47,40,31,42,11,8,0.0071081081081081085
655,2020-03-03,0.0,108.34,105.51,114.84,76,43,44,35,51,12,7,0.014216216216216217
664,2020-03-04,1.0,109.59,106.1,116.67,71,44,43,28,58,9,9,0.021324324324324326
684,2020-03-05,2.0,109.18,105.14,110.07,71,43,40,26,43,4,7,0.028432432432432434
687,2020-03-06,3.0,118.61,114.68,144.51,80,48,47,29,34,8,5,0.035540540540540545
702,2020-03-07,4.0,115.05,118.05,172.59,85,62,58,30,43,4,6,0.04264864864864865
726,2020-03-08,5.0,97.9,97.76,101.39,76,56,49,31,48,9,6,0.04975675675675676
732,2020-03-09,6.0,101.47,99.0,100.87,67,43,40,29,36,8,6,0.05686486486486487
753,2020-03-10,7.0,102.73,99.54,108.28,65,37,38,30,39,10,9,0.06397297297297298
770,2020-03-11,8.0,102.32,95.28,111.71,65,40,36,29,34,7,5,0.07108108108108109
773,2020-03-12,9.0,94.18,86.55,102.65,56,36,32,24,30,10,8,0.0781891891891892
800,2020-03-13,10.0,99.62,88.77,117.26,64,37,37,28,34,7,9,0.0852972972972973
810,2020-03-14,11.0,94.11,88.31,132.4,73,43,45,30,47,11,11,0.09240540540540541
834,2020-03-15,12.0,76.22,67.17,73.47,60,43,33,30,50,12,16,0.09951351351351352
838,2020-03-16,13.0,79.05,61.47,75.75,52,31,28,24,33,22,28,0.10662162162162163
854,2020-03-17,14.0,69.91,49.57,62.55,48,28,26,25,38,21,28,0.11372972972972974
875,2020-03-18,15.0,66.55,43.41,56.11,46,27,24,24,35,64,39,0.12083783783783784
894,2020-03-19,16.0,67.07,41.52,54.04,46,25,22,28,35,77,42,0.12794594594594597
919,2020-03-20,17.0,68.81,37.97,58.17,56,41,31,32,44,67,55,0.13505405405405407
929,2020-03-21,18.0,56.73,30.08,52.54,59,38,27,32,65,55,69,0.14216216216216218
941,2020-03-22,19.0,46.81,28.1,42.16,55,25,20,37,65,77,97,0.1492702702702703
969,2020-03-23,20.0,52.26,27.42,45.89,46,17,14,25,65,100,100,0.1563783783783784
973,2020-03-24,21.0,38.31,19.49,37.23,45,13,13,26,77,65,96,0.1634864864864865
992,2020-03-25,22.0,36.16,17.87,38.72,46,12,13,30,73,49,87,0.1705945945945946
1017,2020-03-26,23.0,35.19,16.97,38.3,47,13,12,33,71,39,80,0.17770270270270272
1038,2020-03-27,24.0,36.93,16.56,40.83,50,13,16,30,73,28,59,0.18481081081081083
1048,2020-03-28,25.0,29.6,15.38,37.43,56,13,17,43,82,22,83,0.19191891891891893
1073,2020-03-29,26.0,24.72,15.34,29.62,54,15,14,47,84,25,80,0.19902702702702704
1090,2020-03-30,27.0,32.8,16.85,34.55,48,14,14,34,68,34,72,0.20613513513513515
1098,2020-03-31,28.0,34.38,16.4,38.69,52,12,15,36,71,30,69,0.21324324324324326
1115,2020-04-01,29.0,34.1,16.0,38.16,52,12,18,43,74,23,65,0.22035135135135137
1140,2020-04-02,30.0,34.25,15.91,38.45,50,12,14,43,79,23,65,0.22745945945945947
1144,2020-04-03,31.0,37.6,15.53,42.67,58,13,17,43,78,19,58,0.23456756756756758
1165,2020-04-04,32.0,31.53,14.41,42.78,60,14,19,44,91,14,51,0.2416756756756757
1192,2020-04-05,33.0,27.02,14.81,36.77,52,13,14,47,93,10,65,0.2487837837837838
1208,2020-04-06,34.0,34.74,15.8,37.16,50,13,12,42,84,12,66,0.25589189189189193
1213,2020-04-07,35.0,36.06,15.57,41.7,53,12,15,41,84,15,65,0.263
1231,2020-04-08,36.0,36.67,15.59,41.69,51,11,16,39,86,15,56,0.273
1254,2020-04-09,37.0,38.05,15.45,43.55,56,13,16,48,87,10,44,0.28
1276,2020-04-10,38.0,34.4,14.92,45.19,66,13,17,45,100,9,50,0.231
1294,2020-04-11,39.0,31.74,14.17,44.4,59,13,18,43,98,9,42,0.235
1304,2020-04-12,40.0,24.46,13.5,34.94,55,12,14,48,94,8,52,0.239
1328,2020-04-13,41.0,29.72,15.29,37.14,54,16,15,56,99,12,53,0.239
1331,2020-04-14,42.0,38.71,16.35,45.4,54,11,17,54,92,20,59,0.243
1352,2020-04-15,43.0,40.02,16.64,48.31,53,12,15,51,85,13,49,0.248
1366,2020-04-16,44.0,40.08,16.26,46.97,51,14,15,47,88,15,47,0.253
1387,2020-04-17,45.0,41.72,15.65,44.36,62,13,17,57,87,14,35,0.26
1398,2020-04-18,46.0,35.18,14.82,42.18,65,14,21,66,90,14,34,0.268
1422,2020-04-19,47.0,31.94,15.7,44.39,59,14,16,62,96,21,49,0.278
1447,2020-04-20,48.0,39.99,17.27,44.92,55,12,14,48,87,49,52,0.321
1454,2020-04-21,49.0,41.19,17.05,45.61,55,13,15,58,78,31,47,0.335
1465,2020-04-22,50.0,42.03,17.04,46.54,57,13,14,64,84,28,42,0.344
1493,2020-04-23,51.0,42.36,16.97,46.36,57,13,13,60,94,23,40,0.359
1500,2020-04-24,52.0,45.69,16.63,49.85,65,12,17,54,88,22,36,0.374
1527,2020-04-25,53.0,39.03,16.37,49.52,69,14,18,62,100,15,41,0.391
1549,2020-04-26,54.0,34.9,16.96,44.12,64,14,16,62,99,18,34,0.41600000000000004
1558,2020-04-27,55.0,41.8,17.53,41.46,59,12,13,57,82,31,44,0.409
1573,2020-04-28,56.0,41.61,16.65,35.33,56,13,16,65,71,31,37,0.456
1586,2020-04-29,57.0,42.53,16.79,37.8,60,14,15,70,67,25,35,0.55
1611,2020-04-30,58.0,43.52,16.48,37.29,56,14,15,70,77,18,33,0.6659999999999999
1634,2020-05-01,59.0,47.82,17.21,44.94,62,14,17,69,73,16,30,0.763
1649,2020-05-02,60.0,42.57,17.21,50.01,70,16,20,69,90,10,27,0.835
1665,2020-05-03,61.0,36.61,17.71,39.99,66,18,17,74,87,15,37,0.912
1685,2020-05-04,62.0,44.71,19.24,43.61,55,14,14,56,77,23,36,1.001
1689,2020-05-05,63.0,46.94,19.2,45.92,63,16,17,58,80,21,30,1.044
1705,2020-05-06,64.0,48.33,19.38,49.36,59,15,17,59,69,16,33,1.061
1733,2020-05-07,65.0,49.14,19.43,50.31,58,17,15,57,79,14,33,1.048
1751,2020-05-08,66.0,44.14,19.1,53.26,63,15,19,53,77,12,32,1.0490000000000002
1759,2020-05-09,67.0,43.57,19.91,55.61,68,17,18,54,90,13,26,1.072
1779,2020-05-10,68.0,38.3,19.04,38.68,64,18,18,69,80,15,29,1.083
1796,2020-05-13,71.0,55.21,21.85,50.92,56,18,16,93,70,13,25,1.0959999999999999
1811,2020-05-14,72.0,57.51,21.52,53.86,59,18,15,69,69,14,23,1.1059999999999999
1829,2020-05-15,73.0,62.85,22.2,60.28,69,19,18,66,74,11,23,1.1340000000000001
1847,2020-05-16,74.0,59.52,21.64,62.16,72,24,21,68,85,11,23,1.163
1862,2020-05-17,75.0,54.31,22.73,54.38,67,24,19,74,88,13,23,1.166
1878,2020-05-18,76.0,60.76,25.09,56.37,62,18,16,65,79,18,32,1.158
1901,2020-05-19,77.0,64.52,25.44,61.57,59,19,15,55,69,14,30,1.155
1923,2020-05-20,78.0,68.48,26.88,65.86,57,18,17,58,70,11,25,1.155
1925,2020-05-21,79.0,67.05,25.97,61.35,62,17,16,55,75,13,25,1.18
1957,2020-05-22,80.0,71.91,25.87,64.7,67,22,19,64,68,11,20,1.172
1963,2020-05-23,81.0,65.31,24.61,60.98,74,24,20,67,83,8,24,1.1540000000000001
1977,2020-05-24,82.0,59.17,25.52,58.47,68,26,20,70,86,8,26,1.105
1994,2020-05-25,83.0,69.35,29.77,69.28,63,23,18,59,77,7,30,1.26
2023,2020-05-26,84.0,73.43,30.33,67.0,65,21,16,48,77,10,22,1.245
2035,2020-05-27,85.0,74.99,29.7,68.43,64,21,16,61,73,8,24,1.2209999999999999
2048,2020-05-28,86.0,77.58,30.32,70.61,61,18,16,48,74,8,25,1.203
2074,2020-05-29,87.0,83.43,31.12,77.09,64,23,17,48,69,7,21,1.227
2090,2020-05-30,88.0,79.24,31.64,79.38,69,23,18,54,83,6,19,1.248
2110,2020-05-31,89.0,73.45,31.95,66.24,67,25,18,57,77,8,27,1.297
2114,2020-06-01,90.0,77.91,33.84,69.95,60,21,16,42,63,13,27,1.145
2130,2020-06-02,91.0,79.82,33.54,70.56,59,21,17,40,58,13,19,1.193
2155,2020-06-03,92.0,72.16,31.41,58.01,57,19,18,52,55,13,20,1.249
2169,2020-06-04,93.0,73.02,29.98,59.11,60,18,18,59,57,12,23,1.272
2183,2020-06-05,94.0,78.13,30.51,64.24,62,21,18,63,59,11,19,1.28
2208,2020-06-06,95.0,72.35,30.1,61.49,67,25,22,80,74,5,13,1.2830000000000001
2224,2020-06-07,96.0,66.08,30.64,54.76,67,26,20,76,71,10,25,1.301
2237,2020-06-08,97.0,73.62,32.26,62.0,61,24,19,56,62,13,19,1.38
2262,2020-06-09,98.0,76.72,32.9,65.8,61,22,18,57,60,17,23,1.39
2272,2020-06-10,99.0,74.03,31.49,57.2,61,22,17,66,61,15,18,1.393
2283,2020-06-11,100.0,75.36,31.4,59.37,63,21,17,59,58,14,20,1.403
2299,2020-06-12,101.0,81.78,33.75,66.2,65,22,19,57,58,12,16,1.395
2317,2020-06-13,102.0,84.32,35.18,79.69,72,29,22,62,70,7,17,1.4069999999999998
2344,2020-06-14,103.0,75.49,34.78,63.66,70,31,22,65,73,9,22,1.3730000000000002
2357,2020-06-15,104.0,80.84,37.08,69.58,60,22,18,50,67,13,20,1.3
2369,2020-06-16,105.0,81.23,36.49,68.1,62,22,20,57,61,16,19,1.274
2390,2020-06-17,106.0,80.92,35.39,64.65,60,22,19,62,61,12,16,1.244
2409,2020-06-18,107.0,81.1,35.97,61.86,60,22,19,61,59,14,21,1.224
2421,2020-06-19,108.0,89.97,37.94,73.23,67,24,21,56,58,11,14,1.205
2448,2020-06-20,109.0,91.97,39.39,84.9,66,29,24,57,71,5,16,1.171
2453,2020-06-21,110.0,76.13,35.59,58.25,71,30,26,59,65,6,13,1.15
2479,2020-06-22,111.0,88.42,42.35,74.96,65,25,21,48,57,12,18,1.14
2501,2020-06-23,112.0,92.99,44.85,78.65,65,27,27,46,58,11,19,1.114
2504,2020-06-24,113.0,100.55,47.31,83.82,62,27,25,51,55,8,17,1.123
2535,2020-06-25,114.0,101.93,47.93,84.24,57,25,23,45,52,8,16,1.22
2548,2020-06-26,115.0,100.28,45.78,82.56,63,27,23,49,49,8,15,1.2329999999999999
2553,2020-06-27,116.0,91.02,42.14,73.77,73,30,29,62,61,7,20,1.255
2584,2020-06-28,117.0,83.75,41.11,61.46,73,33,28,65,66,10,17,1.271
2589,2020-06-29,118.0,88.41,44.37,68.47,65,28,27,51,51,15,22,1.275
2618,2020-06-30,119.0,91.88,43.94,72.47,66,28,27,53,50,7,16,1.34
2628,2020-07-01,120.0,92.64,44.5,74.43,66,27,28,50,56,8,18,1.392
2642,2020-07-02,121.0,93.06,43.87,73.98,65,30,30,52,51,13,18,1.34
2662,2020-07-03,122.0,100.53,46.38,80.16,70,33,34,49,53,9,17,1.385
2673,2020-07-04,123.0,97.45,48.22,90.49,84,47,46,58,57,6,11,1.39
2705,2020-07-05,124.0,90.18,47.47,72.61,75,49,47,57,64,5,18,1.416
2715,2020-07-06,125.0,99.58,51.56,84.18,74,41,41,49,53,8,12,1.413
2725,2020-07-07,126.0,99.55,50.95,81.68,74,40,39,49,51,11,18,1.42
2742,2020-07-08,127.0,98.92,49.83,80.36,69,37,44,48,52,9,15,1.435
2759,2020-07-09,128.0,100.81,50.8,82.2,72,36,43,47,49,8,15,1.4769999999999999
2776,2020-07-10,129.0,115.85,54.97,99.1,81,43,43,46,48,10,14,1.506
2801,2020-07-11,130.0,110.8,55.67,108.62,86,48,49,52,55,5,14,1.571
2824,2020-07-12,131.0,102.67,52.89,83.1,81,50,49,45,55,10,12,1.59
2826,2020-07-13,132.0,104.03,55.77,86.94,72,42,44,50,51,8,10,1.6119999999999999
2853,2020-07-14,133.0,105.41,56.01,90.0,78,41,43,60,50,11,14,1.6380000000000001
2862,2020-07-15,134.0,107.6,56.81,91.28,75,42,45,58,50,8,13,1.665
2889,2020-07-16,135.0,110.53,57.43,95.06,79,44,45,52,47,11,10,1.702
2895,2020-07-17,136.0,124.73,63.47,109.77,85,47,48,53,46,10,14,1.764
2914,2020-07-18,137.0,116.82,62.16,115.68,89,52,54,62,63,5,10,1.78
2942,2020-07-19,138.0,107.58,55.47,83.32,85,71,54,61,60,3,13,1.8130000000000002
2956,2020-07-20,139.0,116.3,61.85,97.35,80,52,48,53,48,7,9,1.8359999999999999
2967,2020-07-21,140.0,115.56,61.77,100.26,80,47,51,52,49,6,13,1.855
2980,2020-07-22,141.0,117.52,62.06,100.02,80,46,51,46,53,4,14,1.851
3006,2020-07-23,142.0,117.69,61.92,98.58,88,67,53,55,51,4,10,1.819
3013,2020-07-24,143.0,131.36,65.17,112.59,87,81,56,55,51,5,8,1.785
3042,2020-07-25,144.0,117.8,61.85,109.77,100,92,63,59,59,4,11,1.79
3062,2020-07-26,145.0,109.42,59.2,86.04,87,100,59,57,56,7,12,1.798
3078,2020-07-27,146.0,115.66,62.84,90.66,79,52,54,56,49,5,18,1.7919999999999998
3088,2020-07-28,147.0,119.55,64.67,102.17,81,51,59,54,46,3,12,1.811
3106,2020-07-29,148.0,122.65,66.17,106.74,82,48,60,48,47,6,10,1.8359999999999999
3120,2020-07-30,149.0,127.98,67.46,108.47,81,45,55,42,49,3,11,1.879
3143,2020-07-31,150.0,144.44,70.66,121.49,86,45,58,41,43,2,7,1.891
