,deaths,deaths18,dateRep,cases,cases7
9,0,0.0,2020-01-13,0,0.0
24,0,0.0,2020-01-14,0,0.0
28,0,0.0,2020-01-15,0,0.0
48,0,0.0,2020-01-16,0,0.0
63,0,0.0,2020-01-17,0,0.0
65,0,0.0,2020-01-18,0,0.0
82,0,0.0,2020-01-19,0,0.0
94,0,0.0,2020-01-20,0,0.0
112,0,0.0,2020-01-21,0,0.0
120,0,0.0,2020-01-22,0,0.0
141,0,0.0,2020-01-23,0,0.0
155,0,0.0,2020-01-24,0,0.0
166,0,0.0,2020-01-25,0,2.0
169,0,0.0,2020-01-26,0,0.0
190,0,0.0,2020-01-27,0,0.0
195,0,0.0,2020-01-28,0,0.0
211,0,0.0,2020-01-29,0,1.0
232,0,0.0,2020-01-30,0,0.0
238,0,0.0,2020-01-31,0,1.0
256,0,0.0,2020-02-01,2,0.0
269,0,0.0,2020-02-02,0,0.0
283,0,0.0,2020-02-03,0,4.0
298,0,0.0,2020-02-04,0,1.0
302,0,0.0,2020-02-05,1,0.0
315,0,0.0,2020-02-06,0,1.0
330,0,0.0,2020-02-07,1,0.0
349,0,0.0,2020-02-08,0,0.0
351,0,0.0,2020-02-09,0,0.0
376,0,0.0,2020-02-10,4,0.0
389,0,0.0,2020-02-11,1,0.0
390,0,0.0,2020-02-12,0,0.0
408,0,0.0,2020-02-13,1,0.0
425,0,0.0,2020-02-14,0,0.0
435,0,0.0,2020-02-15,0,0.0
446,0,0.0,2020-02-16,0,1.0
464,0,0.0,2020-02-17,0,0.0
480,0,1.0,2020-02-18,0,0.0
486,0,1.0,2020-02-19,0,2.0
496,0,0.0,2020-02-20,0,5.0
510,0,1.0,2020-02-21,0,4.0
522,0,4.0,2020-02-22,0,8.0
545,0,0.0,2020-02-23,1,12.0
550,0,2.0,2020-02-24,0,5.0
564,0,1.0,2020-02-25,0,22.0
580,0,19.0,2020-02-26,2,40.0
586,0,14.0,2020-02-27,5,55.0
603,0,22.0,2020-02-28,4,56.0
615,0,17.0,2020-02-29,8,51.0
636,0,34.0,2020-03-01,12,81.0
648,0,46.0,2020-03-02,5,60.0
655,0,32.0,2020-03-03,22,57.0
664,0,58.0,2020-03-04,40,148.0
684,0,36.0,2020-03-05,55,259.0
687,0,76.0,2020-03-06,56,406.0
702,1,148.0,2020-03-07,51,484.0
726,1,191.0,2020-03-08,81,478.0
732,0,181.0,2020-03-09,60,361.0
753,1,288.0,2020-03-10,57,442.0
770,4,292.0,2020-03-11,148,611.0
773,0,212.0,2020-03-12,259,769.0
800,2,374.0,2020-03-13,406,999.0
810,1,403.0,2020-03-14,484,1055.0
834,19,672.0,2020-03-15,478,1255.0
838,14,657.0,2020-03-16,361,1198.0
854,22,736.0,2020-03-17,442,1378.0
875,17,756.0,2020-03-18,611,2338.0
894,34,599.0,2020-03-19,769,2375.0
919,46,567.0,2020-03-20,999,2692.0
929,32,1105.0,2020-03-21,1055,3087.0
941,58,1030.0,2020-03-22,1255,3197.0
969,36,1116.0,2020-03-23,1198,2822.0
973,76,1122.0,2020-03-24,1378,2858.0
992,148,843.0,2020-03-25,2338,4273.0
1017,191,657.0,2020-03-26,2375,4514.0
1038,181,724.0,2020-03-27,2692,4913.0
1048,288,1076.0,2020-03-28,3087,4868.0
1073,292,880.0,2020-03-29,3197,4911.0
1090,212,1036.0,2020-03-30,2822,4020.0
1098,374,913.0,2020-03-31,2858,3592.0
1115,403,1105.0,2020-04-01,4273,5282.0
1140,672,432.0,2020-04-02,4514,5450.0
1144,657,570.0,2020-04-03,4913,5131.0
1165,736,1224.0,2020-04-04,4868,4858.0
1192,756,847.0,2020-04-05,4911,4313.0
1208,599,682.0,2020-04-06,4020,3579.0
1213,567,1010.0,2020-04-07,3592,3489.0
1231,1105,815.0,2020-04-08,5282,4178.0
1254,1030,364.0,2020-04-09,5450,4326.0
1276,1116,320.0,2020-04-10,5131,5065.0
1294,1122,969.0,2020-04-11,4858,5292.0
1304,843,769.0,2020-04-12,4313,4956.0
1328,657,634.0,2020-04-13,3579,4721.0
1331,724,698.0,2020-04-14,3489,3853.0
1352,1076,584.0,2020-04-15,4178,4854.0
1366,880,253.0,2020-04-16,4326,4760.0
1387,1036,272.0,2020-04-17,5065,5487.0
1398,913,726.0,2020-04-18,5292,5158.0
1422,1105,647.0,2020-04-19,4956,4970.0
1447,432,458.0,2020-04-20,4721,3748.0
1454,570,579.0,2020-04-21,3853,3473.0
1465,1224,275.0,2020-04-22,4854,4706.0
1493,847,614.0,2020-04-23,4760,4729.0
1500,682,447.0,2020-04-24,5487,5442.0
1527,1010,352.0,2020-04-25,5158,4966.0
1549,815,350.0,2020-04-26,4970,4737.0
1558,364,411.0,2020-04-27,3748,3229.0
1573,320,67.0,2020-04-28,3473,2982.0
1586,969,146.0,2020-04-29,4706,3389.0
1611,769,500.0,2020-04-30,4729,3682.0
1634,634,328.0,2020-05-01,5442,3827.0
1649,698,273.0,2020-05-02,4966,3767.0
1665,584,291.0,2020-05-03,4737,3063.0
1685,253,220.0,2020-05-04,3229,3586.0
1689,272,379.0,2020-05-05,2982,3402.0
1705,726,104.0,2020-05-06,3389,3307.0
1733,647,131.0,2020-05-07,3682,2628.0
1751,458,422.0,2020-05-08,3827,2526.0
1759,579,343.0,2020-05-09,3767,2079.0
1779,275,274.0,2020-05-10,3063,1838.0
1796,614,154.0,2020-05-13,3586,2589.0
1811,447,60.0,2020-05-14,3402,3052.0
1829,352,86.0,2020-05-15,3307,2718.0
1847,350,249.0,2020-05-16,2628,2574.0
1862,411,254.0,2020-05-17,2526,2062.0
1878,67,130.0,2020-05-18,2079,1527.0
1901,146,258.0,2020-05-19,1838,1364.0
1923,500,143.0,2020-05-20,2589,1624.0
1925,328,54.0,2020-05-21,3052,1672.0
1957,273,47.0,2020-05-22,2718,1835.0
1963,291,195.0,2020-05-23,2574,1760.0
1977,220,164.0,2020-05-24,2062,1527.0
1994,379,76.0,2020-05-25,1527,1125.0
2023,104,131.0,2020-05-26,1364,1079.0
2035,131,107.0,2020-05-27,1624,1441.0
2048,422,27.0,2020-05-28,1672,1484.0
2074,343,29.0,2020-05-29,1835,1356.0
2090,274,120.0,2020-05-30,1760,1243.0
2110,154,110.0,2020-05-31,1527,1120.0
2114,60,67.0,2020-06-01,1125,801.0
2130,86,84.0,2020-06-02,1079,721.0
2155,249,71.0,2020-06-03,1441,1099.0
2169,254,31.0,2020-06-04,1484,1158.0
2183,130,14.0,2020-06-05,1356,1199.0
2208,258,94.0,2020-06-06,1243,1017.0
2224,143,87.0,2020-06-07,1120,1052.0
2237,54,99.0,2020-06-08,801,890.0
2262,47,77.0,2020-06-09,721,822.0
2272,195,40.0,2020-06-10,1099,1043.0
2283,164,31.0,2020-06-11,1158,1102.0
2299,76,21.0,2020-06-12,1199,1013.0
2317,131,53.0,2020-06-13,1017,1027.0
2344,107,97.0,2020-06-14,1052,986.0
2357,27,41.0,2020-06-15,890,687.0
2369,29,49.0,2020-06-16,822,639.0
2390,120,32.0,2020-06-17,1043,896.0
2409,110,19.0,2020-06-18,1102,886.0
2421,67,11.0,2020-06-19,1013,778.0
2448,84,54.0,2020-06-20,1027,721.0
2453,71,57.0,2020-06-21,986,671.0
2479,31,31.0,2020-06-22,687,649.0
2501,14,34.0,2020-06-23,639,446.0
2504,94,17.0,2020-06-24,896,730.0
2535,87,9.0,2020-06-25,886,617.0
2548,99,10.0,2020-06-26,778,651.0
2553,77,44.0,2020-06-27,721,602.0
2584,40,26.0,2020-06-28,671,579.0
2589,31,24.0,2020-06-29,649,401.0
2618,21,26.0,2020-06-30,446,555.0
2628,53,9.0,2020-07-01,730,704.0
2642,97,11.0,2020-07-02,617,597.0
2662,41,10.0,2020-07-03,651,693.0
2673,49,25.0,2020-07-04,602,715.0
2705,32,17.0,2020-07-05,579,565.0
2715,19,9.0,2020-07-06,401,442.0
2725,11,32.0,2020-07-07,555,361.0
2742,54,15.0,2020-07-08,704,726.0
2759,57,8.0,2020-07-09,597,685.0
2776,31,3.0,2020-07-10,693,772.0
2801,34,21.0,2020-07-11,715,704.0
2824,17,34.0,2020-07-12,565,569.0
2826,9,0.0,2020-07-13,442,493.0
2853,10,20.0,2020-07-14,361,413.0
2862,44,13.0,2020-07-15,726,793.0
2889,26,5.0,2020-07-16,685,751.0
2895,24,1.0,2020-07-17,772,773.0
2914,26,18.0,2020-07-18,704,731.0
2942,9,14.0,2020-07-19,569,667.0
2956,11,18.0,2020-07-20,493,421.0
2967,10,12.0,2020-07-21,413,371.0
2980,25,3.0,2020-07-22,793,70.0
3006,17,5.0,2020-07-23,751,763.0
3013,9,18.0,2020-07-24,773,846.0
3042,32,13.0,2020-07-25,731,880.0
3062,15,20.0,2020-07-26,667,771.0
3078,8,18.0,2020-07-27,421,743.0
3088,3,11.0,2020-07-28,371,928.0
3106,21,3.0,2020-07-29,70,670.0
3120,34,5.0,2020-07-30,763,891.0
3143,0,3.0,2020-07-31,846,950.0
